strategy,val_thr,test_acc,test_precision,test_recall,test_f1,test_fpr,test_fnr,ext_thr,ext_acc,ext_precision,ext_recall,ext_f1,ext_fpr,ext_fnr
Imbalanced,0.65,0.990558615263572,0.9878048780487805,0.9642857142857143,0.9759036144578314,0.002944062806673209,0.03571428571428571,0.65,0.748,0.6907692307692308,0.898,0.7808695652173913,0.402,0.102
RandomUndersampling,0.6900000000000001,0.9669551534225019,0.9605263157894737,0.8690476190476191,0.9125,0.008832188420019628,0.13095238095238096,0.6900000000000001,0.6965,0.6222775357809583,1.0,0.7671653241273494,0.607,0.0
RandomOversampling,0.74,0.9472856018882769,0.8969957081545065,0.8293650793650794,0.8618556701030928,0.023552502453385672,0.17063492063492064,0.74,0.8485,0.8171064604185623,0.898,0.8556455454978561,0.201,0.102
