dataset,class,n,High (>0.9),Medium (0.5-0.9),Low (<0.5)
Internal,Legitimate,1019,96.95780176643768,2.2571148184494603,0.7850834151128557
Internal,Phishing,252,86.11111111111111,8.333333333333332,5.555555555555555
External,Legitimate,1000,8.0,54.2,37.8
External,Phishing,1000,57.99999999999999,42.0,0.0
